id;about;title;estado;bicisDisponibles;anclajesDisponibles;geometry;lastUpdated;description;icon
"https://www.zaragoza.es/sede/servicio/urbanismo-infraestructuras/estacion-bicicleta/124";"http://www.zaragoza.es/ciudad/viapublica/movilidad/bici/detalle_Bizi?oid=124";"Via Univérsitas - Avda. Duquesa Villahermosa";"OPN";"5";"15";"-0.9080123025840546,41.64638888203244";2018-12-05T18:42:00Z;"<ul><li>Estado: Operativa</li><li>Bicis disponibles: 5</li><li>Anclajes disponibles: 15</li></ul><p>Actualizado: 18:42</p>";"//www.zaragoza.es/contenidos/iconos/bizi/conbicis.png"
"https://www.zaragoza.es/sede/servicio/urbanismo-infraestructuras/estacion-bicicleta/126";"http://www.zaragoza.es/ciudad/viapublica/movilidad/bici/detalle_Bizi?oid=126";"C/ Julián Sánz Ibáñez - C/ Rioja";"OPN";"4";"17";"-0.9109122408850961,41.65270895465404";2018-12-05T18:42:00Z;"<ul><li>Estado: Operativa</li><li>Bicis disponibles: 4</li><li>Anclajes disponibles: 17</li></ul><p>Actualizado: 18:42</p>";"//www.zaragoza.es/contenidos/iconos/bizi/conbicis.png"
"https://www.zaragoza.es/sede/servicio/urbanismo-infraestructuras/estacion-bicicleta/128";"http://www.zaragoza.es/ciudad/viapublica/movilidad/bici/detalle_Bizi?oid=128";"C/ Bolivia - Pº Calanda";"OPN";"10";"11";"-0.9032981948382862,41.65055086387021";2018-12-05T18:42:00Z;"<ul><li>Estado: Operativa</li><li>Bicis disponibles: 10</li><li>Anclajes disponibles: 11</li></ul><p>Actualizado: 18:42</p>";"//www.zaragoza.es/contenidos/iconos/bizi/conbicis.png"
"https://www.zaragoza.es/sede/servicio/urbanismo-infraestructuras/estacion-bicicleta/116";"http://www.zaragoza.es/ciudad/viapublica/movilidad/bici/detalle_Bizi?oid=116";"C/ Ciudadela - C/ Andrés Vicente";"OPN";"11";"10";"-0.9134233316860096,41.64822394400865";2018-12-05T18:42:00Z;"<ul><li>Estado: Operativa</li><li>Bicis disponibles: 11</li><li>Anclajes disponibles: 10</li></ul><p>Actualizado: 18:42</p>";"//www.zaragoza.es/contenidos/iconos/bizi/conbicis.png"
"https://www.zaragoza.es/sede/servicio/urbanismo-infraestructuras/estacion-bicicleta/117";"http://www.zaragoza.es/ciudad/viapublica/movilidad/bici/detalle_Bizi?oid=117";"Avda. Duquesa Villahermosa - Avda. Juan Carlos I";"OPN";"15";"6";"-0.9115873588821487,41.64504190403341";2018-12-05T18:42:00Z;"<ul><li>Estado: Operativa</li><li>Bicis disponibles: 15</li><li>Anclajes disponibles: 6</li></ul><p>Actualizado: 18:42</p>";"//www.zaragoza.es/contenidos/iconos/bizi/conbicis.png"
"https://www.zaragoza.es/sede/servicio/urbanismo-infraestructuras/estacion-bicicleta/122";"http://www.zaragoza.es/ciudad/viapublica/movilidad/bici/detalle_Bizi?oid=122";"Avda. Gómez Laguna nº 6";"OPN";"1";"20";"-0.9074513494930179,41.642748850195275";2018-12-05T18:42:00Z;"<ul><li>Estado: Operativa</li><li>Bicis disponibles: 1</li><li>Anclajes disponibles: 20</li></ul><p>Actualizado: 18:42</p>";"//www.zaragoza.es/contenidos/iconos/bizi/conbicis.png"
"https://www.zaragoza.es/sede/servicio/urbanismo-infraestructuras/estacion-bicicleta/123";"http://www.zaragoza.es/ciudad/viapublica/movilidad/bici/detalle_Bizi?oid=123";"Avda. San Juan Bosco - C/ La Milagrosa";"OPN";"8";"13";"-0.904402304804864,41.643709825496686";2018-12-05T18:42:00Z;"<ul><li>Estado: Operativa</li><li>Bicis disponibles: 8</li><li>Anclajes disponibles: 13</li></ul><p>Actualizado: 18:42</p>";"//www.zaragoza.es/contenidos/iconos/bizi/conbicis.png"
"https://www.zaragoza.es/sede/servicio/urbanismo-infraestructuras/estacion-bicicleta/110";"http://www.zaragoza.es/ciudad/viapublica/movilidad/bici/detalle_Bizi?oid=110";"Pº Isabel la Católica - Vía Hispanidad";"OPN";"2";"18";"-0.9049904647489388,41.633053753345735";2018-12-05T18:42:00Z;"<ul><li>Estado: Operativa</li><li>Bicis disponibles: 2</li><li>Anclajes disponibles: 18</li></ul><p>Actualizado: 18:42</p>";"//www.zaragoza.es/contenidos/iconos/bizi/conbicis.png"
"https://www.zaragoza.es/sede/servicio/urbanismo-infraestructuras/estacion-bicicleta/111";"http://www.zaragoza.es/ciudad/viapublica/movilidad/bici/detalle_Bizi?oid=111";"C/ Condes de Aragón - Vía Hispanidad";"OPN";"8";"13";"-0.9091694882330432,41.63438380371571";2018-12-05T18:42:00Z;"<ul><li>Estado: Operativa</li><li>Bicis disponibles: 8</li><li>Anclajes disponibles: 13</li></ul><p>Actualizado: 18:42</p>";"//www.zaragoza.es/contenidos/iconos/bizi/conbicis.png"
"https://www.zaragoza.es/sede/servicio/urbanismo-infraestructuras/estacion-bicicleta/112";"http://www.zaragoza.es/ciudad/viapublica/movilidad/bici/detalle_Bizi?oid=112";"Vía Hispanidad - Avda. Sainz de Varanda";"OPN";"14";"7";"-0.9124704921335659,41.63646684839031";2018-12-05T18:42:00Z;"<ul><li>Estado: Operativa</li><li>Bicis disponibles: 14</li><li>Anclajes disponibles: 7</li></ul><p>Actualizado: 18:42</p>";"//www.zaragoza.es/contenidos/iconos/bizi/conbicis.png"
"https://www.zaragoza.es/sede/servicio/urbanismo-infraestructuras/estacion-bicicleta/114";"http://www.zaragoza.es/ciudad/viapublica/movilidad/bici/detalle_Bizi?oid=114";"Vía Hispanidad - Avda. Duquesa Villahermosa";"OPN";"11";"10";"-0.9157044181182107,41.64387893216811";2018-12-05T18:42:00Z;"<ul><li>Estado: Operativa</li><li>Bicis disponibles: 11</li><li>Anclajes disponibles: 10</li></ul><p>Actualizado: 18:42</p>";"//www.zaragoza.es/contenidos/iconos/bizi/conbicis.png"
"https://www.zaragoza.es/sede/servicio/urbanismo-infraestructuras/estacion-bicicleta/105";"http://www.zaragoza.es/ciudad/viapublica/movilidad/bici/detalle_Bizi?oid=105";"C/ Doctor Horno - C/ Madre Sacramento";"OPN";"2";"19";"-0.8910110881666126,41.649425722427104";2018-12-05T18:42:00Z;"<ul><li>Estado: Operativa</li><li>Bicis disponibles: 2</li><li>Anclajes disponibles: 19</li></ul><p>Actualizado: 18:42</p>";"//www.zaragoza.es/contenidos/iconos/bizi/conbicis.png"
"https://www.zaragoza.es/sede/servicio/urbanismo-infraestructuras/estacion-bicicleta/106";"http://www.zaragoza.es/ciudad/viapublica/movilidad/bici/detalle_Bizi?oid=106";"C/ Arzobispo Morcillo - C/ Fernando de Antequera";"OPN";"11";"10";"-0.8905562529008293,41.63765263096774";2018-12-05T18:42:00Z;"<ul><li>Estado: Operativa</li><li>Bicis disponibles: 11</li><li>Anclajes disponibles: 10</li></ul><p>Actualizado: 18:42</p>";"//www.zaragoza.es/contenidos/iconos/bizi/conbicis.png"
"https://www.zaragoza.es/sede/servicio/urbanismo-infraestructuras/estacion-bicicleta/107";"http://www.zaragoza.es/ciudad/viapublica/movilidad/bici/detalle_Bizi?oid=107";"C/ Luis Vives - C/ Manuel Lasala";"OPN";"10";"11";"-0.8953132972336112,41.637900684295204";2018-12-05T18:42:00Z;"<ul><li>Estado: Operativa</li><li>Bicis disponibles: 10</li><li>Anclajes disponibles: 11</li></ul><p>Actualizado: 18:42</p>";"//www.zaragoza.es/contenidos/iconos/bizi/conbicis.png"
"https://www.zaragoza.es/sede/servicio/urbanismo-infraestructuras/estacion-bicicleta/109";"http://www.zaragoza.es/ciudad/viapublica/movilidad/bici/detalle_Bizi?oid=109";"Pº Isabel la Católica - C/ Gonzalo Calamita";"OPN";"16";"5";"-0.9016174071279897,41.63468572886526";2018-12-05T18:42:00Z;"<ul><li>Estado: Operativa</li><li>Bicis disponibles: 16</li><li>Anclajes disponibles: 5</li></ul><p>Actualizado: 18:42</p>";"//www.zaragoza.es/contenidos/iconos/bizi/conbicis.png"
"https://www.zaragoza.es/sede/servicio/urbanismo-infraestructuras/estacion-bicicleta/99";"http://www.zaragoza.es/ciudad/viapublica/movilidad/bici/detalle_Bizi?oid=99";"Plaza de Santa Engracia";"OPN";"10";"11";"-0.8832230137729916,41.649181636241096";2018-12-05T18:42:00Z;"<ul><li>Estado: Operativa</li><li>Bicis disponibles: 10</li><li>Anclajes disponibles: 11</li></ul><p>Actualizado: 18:42</p>";"//www.zaragoza.es/contenidos/iconos/bizi/conbicis.png"
"https://www.zaragoza.es/sede/servicio/urbanismo-infraestructuras/estacion-bicicleta/100";"http://www.zaragoza.es/ciudad/viapublica/movilidad/bici/detalle_Bizi?oid=100";"PLAZA DEL CARMEN";"OPN";"7";"13";"-0.8846950032216729,41.650942665112474";2018-12-05T18:42:00Z;"<ul><li>Estado: Operativa</li><li>Bicis disponibles: 7</li><li>Anclajes disponibles: 13</li></ul><p>Actualizado: 18:42</p>";"//www.zaragoza.es/contenidos/iconos/bizi/conbicis.png"
"https://www.zaragoza.es/sede/servicio/urbanismo-infraestructuras/estacion-bicicleta/97";"http://www.zaragoza.es/ciudad/viapublica/movilidad/bici/detalle_Bizi?oid=97";"Pº Constitución - C/ Mefisto";"OPN";"10";"11";"-0.880367008847856,41.64753159319185";2018-12-05T18:42:00Z;"<ul><li>Estado: Operativa</li><li>Bicis disponibles: 10</li><li>Anclajes disponibles: 11</li></ul><p>Actualizado: 18:42</p>";"//www.zaragoza.es/contenidos/iconos/bizi/conbicis.png"
"https://www.zaragoza.es/sede/servicio/urbanismo-infraestructuras/estacion-bicicleta/98";"http://www.zaragoza.es/ciudad/viapublica/movilidad/bici/detalle_Bizi?oid=98";"Glorieta Sasera - Pº Damas";"OPN";"11";"10";"-0.8851760795509048,41.64595963375309";2018-12-05T18:42:00Z;"<ul><li>Estado: Operativa</li><li>Bicis disponibles: 11</li><li>Anclajes disponibles: 10</li></ul><p>Actualizado: 18:42</p>";"//www.zaragoza.es/contenidos/iconos/bizi/conbicis.png"
"https://www.zaragoza.es/sede/servicio/urbanismo-infraestructuras/estacion-bicicleta/95";"http://www.zaragoza.es/ciudad/viapublica/movilidad/bici/detalle_Bizi?oid=95";"Pº Longares - C/ Fuendejalón";"OPN";"15";"6";"-0.8653636959050023,41.65895951427415";2018-12-05T18:42:00Z;"<ul><li>Estado: Operativa</li><li>Bicis disponibles: 15</li><li>Anclajes disponibles: 6</li></ul><p>Actualizado: 18:42</p>";"//www.zaragoza.es/contenidos/iconos/bizi/conbicis.png"
"https://www.zaragoza.es/sede/servicio/urbanismo-infraestructuras/estacion-bicicleta/96";"http://www.zaragoza.es/ciudad/viapublica/movilidad/bici/detalle_Bizi?oid=96";"Pº de la Mina - C/ Pomarón";"OPN";"2";"19";"-0.8773229714968913,41.64801256374145";2018-12-05T18:42:00Z;"<ul><li>Estado: Operativa</li><li>Bicis disponibles: 2</li><li>Anclajes disponibles: 19</li></ul><p>Actualizado: 18:42</p>";"//www.zaragoza.es/contenidos/iconos/bizi/conbicis.png"
"https://www.zaragoza.es/sede/servicio/urbanismo-infraestructuras/estacion-bicicleta/94";"http://www.zaragoza.es/ciudad/viapublica/movilidad/bici/detalle_Bizi?oid=94";"Avda. Mª Zambrano - C/ Padre Marcellán Mayayo";"OPN";"10";"11";"-0.8836538025809216,41.66419675095781";2018-12-05T18:42:00Z;"<ul><li>Estado: Operativa</li><li>Bicis disponibles: 10</li><li>Anclajes disponibles: 11</li></ul><p>Actualizado: 18:42</p>";"//www.zaragoza.es/contenidos/iconos/bizi/conbicis.png"
"https://www.zaragoza.es/sede/servicio/urbanismo-infraestructuras/estacion-bicicleta/92";"http://www.zaragoza.es/ciudad/viapublica/movilidad/bici/detalle_Bizi?oid=92";"C/ San Juan de la Cruz - C/ Manuel Lasala";"OPN";"13";"8";"-0.8901912050572632,41.64072564961532";2018-12-05T18:42:00Z;"<ul><li>Estado: Operativa</li><li>Bicis disponibles: 13</li><li>Anclajes disponibles: 8</li></ul><p>Actualizado: 18:42</p>";"//www.zaragoza.es/contenidos/iconos/bizi/conbicis.png"
"https://www.zaragoza.es/sede/servicio/urbanismo-infraestructuras/estacion-bicicleta/93";"http://www.zaragoza.es/ciudad/viapublica/movilidad/bici/detalle_Bizi?oid=93";"C/ Monasterio de Samos - C/ Monasterio de Poblet";"OPN";"5";"16";"-0.8717349691210406,41.6442624757193";2018-12-05T18:42:00Z;"<ul><li>Estado: Operativa</li><li>Bicis disponibles: 5</li><li>Anclajes disponibles: 16</li></ul><p>Actualizado: 18:42</p>";"//www.zaragoza.es/contenidos/iconos/bizi/conbicis.png"
"https://www.zaragoza.es/sede/servicio/urbanismo-infraestructuras/estacion-bicicleta/90";"http://www.zaragoza.es/ciudad/viapublica/movilidad/bici/detalle_Bizi?oid=90";"C/ Bretón - C/ San Antonio Mª Claret";"OPN";"8";"13";"-0.8952702049210655,41.64427973075851";2018-12-05T18:42:00Z;"<ul><li>Estado: Operativa</li><li>Bicis disponibles: 8</li><li>Anclajes disponibles: 13</li></ul><p>Actualizado: 18:42</p>";"//www.zaragoza.es/contenidos/iconos/bizi/conbicis.png"
"https://www.zaragoza.es/sede/servicio/urbanismo-infraestructuras/estacion-bicicleta/91";"http://www.zaragoza.es/ciudad/viapublica/movilidad/bici/detalle_Bizi?oid=91";"Plaza San Francisco - La Salle";"OPN";"4";"17";"-0.8944672443276791,41.64098369781958";2018-12-05T18:42:00Z;"<ul><li>Estado: Operativa</li><li>Bicis disponibles: 4</li><li>Anclajes disponibles: 17</li></ul><p>Actualizado: 18:42</p>";"//www.zaragoza.es/contenidos/iconos/bizi/conbicis.png"
"https://www.zaragoza.es/sede/servicio/urbanismo-infraestructuras/estacion-bicicleta/89";"http://www.zaragoza.es/ciudad/viapublica/movilidad/bici/detalle_Bizi?oid=89";"Pº Echegaray y Caballero - C/ Postigo del Ebro";"OPN";"12";"9";"-0.8858529095124769,41.65827273141642";2018-12-05T18:42:00Z;"<ul><li>Estado: Operativa</li><li>Bicis disponibles: 12</li><li>Anclajes disponibles: 9</li></ul><p>Actualizado: 18:42</p>";"//www.zaragoza.es/contenidos/iconos/bizi/conbicis.png"
"https://www.zaragoza.es/sede/servicio/urbanismo-infraestructuras/estacion-bicicleta/87";"http://www.zaragoza.es/ciudad/viapublica/movilidad/bici/detalle_Bizi?oid=87";"Pº Mª Agustín - C/ de la Aljafería";"OPN";"8";"13";"-0.8937480048057299,41.65711280852871";2018-12-05T18:42:00Z;"<ul><li>Estado: Operativa</li><li>Bicis disponibles: 8</li><li>Anclajes disponibles: 13</li></ul><p>Actualizado: 18:42</p>";"//www.zaragoza.es/contenidos/iconos/bizi/conbicis.png"
"https://www.zaragoza.es/sede/servicio/urbanismo-infraestructuras/estacion-bicicleta/88";"http://www.zaragoza.es/ciudad/viapublica/movilidad/bici/detalle_Bizi?oid=88";"Avda. Navarra - C/ Alagón";"OPN";"10";"10";"-0.9060941520607634,41.65543793011902";2018-12-05T18:42:00Z;"<ul><li>Estado: Operativa</li><li>Bicis disponibles: 10</li><li>Anclajes disponibles: 10</li></ul><p>Actualizado: 18:42</p>";"//www.zaragoza.es/contenidos/iconos/bizi/conbicis.png"
"https://www.zaragoza.es/sede/servicio/urbanismo-infraestructuras/estacion-bicicleta/86";"http://www.zaragoza.es/ciudad/viapublica/movilidad/bici/detalle_Bizi?oid=86";"Avda. Almozara - CDM Almozara";"OPN";"9";"12";"-0.899045968471988,41.663282911272475";2018-12-05T18:42:00Z;"<ul><li>Estado: Operativa</li><li>Bicis disponibles: 9</li><li>Anclajes disponibles: 12</li></ul><p>Actualizado: 18:42</p>";"//www.zaragoza.es/contenidos/iconos/bizi/conbicis.png"
"https://www.zaragoza.es/sede/servicio/urbanismo-infraestructuras/estacion-bicicleta/85";"http://www.zaragoza.es/ciudad/viapublica/movilidad/bici/detalle_Bizi?oid=85";"C/ Pablo Gargallo - C/ Jardines de Atenas";"OPN";"6";"15";"-0.9040180351620486,41.66208595643975";2018-12-05T18:42:00Z;"<ul><li>Estado: Operativa</li><li>Bicis disponibles: 6</li><li>Anclajes disponibles: 15</li></ul><p>Actualizado: 18:42</p>";"//www.zaragoza.es/contenidos/iconos/bizi/conbicis.png"
"https://www.zaragoza.es/sede/servicio/urbanismo-infraestructuras/estacion-bicicleta/82";"http://www.zaragoza.es/ciudad/viapublica/movilidad/bici/detalle_Bizi?oid=82";"C/ Los Leñadores - Avda. Academia Gral. Militar";"OPN";"7";"14";"-0.8712443418838772,41.68539277108614";2018-12-05T18:42:00Z;"<ul><li>Estado: Operativa</li><li>Bicis disponibles: 7</li><li>Anclajes disponibles: 14</li></ul><p>Actualizado: 18:42</p>";"//www.zaragoza.es/contenidos/iconos/bizi/conbicis.png"
"https://www.zaragoza.es/sede/servicio/urbanismo-infraestructuras/estacion-bicicleta/83";"http://www.zaragoza.es/ciudad/viapublica/movilidad/bici/detalle_Bizi?oid=83";"Avda. Majas de Goya - Eroski";"OPN";"4";"15";"-0.8743583543788794,41.68656981337383";2018-12-05T18:42:00Z;"<ul><li>Estado: Operativa</li><li>Bicis disponibles: 4</li><li>Anclajes disponibles: 15</li></ul><p>Actualizado: 18:42</p>";"//www.zaragoza.es/contenidos/iconos/bizi/conbicis.png"
"https://www.zaragoza.es/sede/servicio/urbanismo-infraestructuras/estacion-bicicleta/84";"http://www.zaragoza.es/ciudad/viapublica/movilidad/bici/detalle_Bizi?oid=84";"Avda. Majas de Goya - C/ La Fragua";"OPN";"6";"15";"-0.8775143854730195,41.686614847866025";2018-12-05T18:42:00Z;"<ul><li>Estado: Operativa</li><li>Bicis disponibles: 6</li><li>Anclajes disponibles: 15</li></ul><p>Actualizado: 18:42</p>";"//www.zaragoza.es/contenidos/iconos/bizi/conbicis.png"
"https://www.zaragoza.es/sede/servicio/urbanismo-infraestructuras/estacion-bicicleta/79";"http://www.zaragoza.es/ciudad/viapublica/movilidad/bici/detalle_Bizi?oid=79";"Avda. Salvador Allende - C/ Matías Pastor Sancho";"OPN";"10";"11";"-0.8764445483901281,41.675760757176505";2018-12-05T18:42:00Z;"<ul><li>Estado: Operativa</li><li>Bicis disponibles: 10</li><li>Anclajes disponibles: 11</li></ul><p>Actualizado: 18:42</p>";"//www.zaragoza.es/contenidos/iconos/bizi/conbicis.png"
"https://www.zaragoza.es/sede/servicio/urbanismo-infraestructuras/estacion-bicicleta/80";"http://www.zaragoza.es/ciudad/viapublica/movilidad/bici/detalle_Bizi?oid=80";"Avda. Academia Gral. Militar - Avda. Salvador Alle";"OPN";"1";"20";"-0.8713434629870643,41.67790771756457";2018-12-05T18:42:00Z;"<ul><li>Estado: Operativa</li><li>Bicis disponibles: 1</li><li>Anclajes disponibles: 20</li></ul><p>Actualizado: 18:42</p>";"//www.zaragoza.es/contenidos/iconos/bizi/conbicis.png"
"https://www.zaragoza.es/sede/servicio/urbanismo-infraestructuras/estacion-bicicleta/81";"http://www.zaragoza.es/ciudad/viapublica/movilidad/bici/detalle_Bizi?oid=81";"Plaza Tauromaquia - Avda. Academia Gral. Militar";"OPN";"15";"6";"-0.8712523898229484,41.68241074942987";2018-12-05T18:42:00Z;"<ul><li>Estado: Operativa</li><li>Bicis disponibles: 15</li><li>Anclajes disponibles: 6</li></ul><p>Actualizado: 18:42</p>";"//www.zaragoza.es/contenidos/iconos/bizi/conbicis.png"
"https://www.zaragoza.es/sede/servicio/urbanismo-infraestructuras/estacion-bicicleta/77";"http://www.zaragoza.es/ciudad/viapublica/movilidad/bici/detalle_Bizi?oid=77";"Avda. Salvador Allende - Avda. Pablo Ruiz Picasso";"OPN";"11";"10";"-0.8773855948564245,41.67344275046712";2018-12-05T18:42:00Z;"<ul><li>Estado: Operativa</li><li>Bicis disponibles: 11</li><li>Anclajes disponibles: 10</li></ul><p>Actualizado: 18:42</p>";"//www.zaragoza.es/contenidos/iconos/bizi/conbicis.png"
"https://www.zaragoza.es/sede/servicio/urbanismo-infraestructuras/estacion-bicicleta/78";"http://www.zaragoza.es/ciudad/viapublica/movilidad/bici/detalle_Bizi?oid=78";"Avda. San Juan de la Peña - C/ Somport";"OPN";"14";"7";"-0.8714325268996124,41.673978689848084";2018-12-05T18:42:00Z;"<ul><li>Estado: Operativa</li><li>Bicis disponibles: 14</li><li>Anclajes disponibles: 7</li></ul><p>Actualizado: 18:42</p>";"//www.zaragoza.es/contenidos/iconos/bizi/conbicis.png"
"https://www.zaragoza.es/sede/servicio/urbanismo-infraestructuras/estacion-bicicleta/74";"http://www.zaragoza.es/ciudad/viapublica/movilidad/bici/detalle_Bizi?oid=74";"Avda. Pablo Ruiz Picasso - C/ Pintor Luis Cernuda";"OPN";"6";"15";"-0.884142663492274,41.673364823154024";2018-12-05T18:42:00Z;"<ul><li>Estado: Operativa</li><li>Bicis disponibles: 6</li><li>Anclajes disponibles: 15</li></ul><p>Actualizado: 18:42</p>";"//www.zaragoza.es/contenidos/iconos/bizi/conbicis.png"
"https://www.zaragoza.es/sede/servicio/urbanismo-infraestructuras/estacion-bicicleta/75";"http://www.zaragoza.es/ciudad/viapublica/movilidad/bici/detalle_Bizi?oid=75";"Avda. Salvador Allende - C/ Rubio de Francia";"OPN";"7";"14";"-0.8765556514494093,41.66938671186591";2018-12-05T18:42:00Z;"<ul><li>Estado: Operativa</li><li>Bicis disponibles: 7</li><li>Anclajes disponibles: 14</li></ul><p>Actualizado: 18:42</p>";"//www.zaragoza.es/contenidos/iconos/bizi/conbicis.png"
"https://www.zaragoza.es/sede/servicio/urbanismo-infraestructuras/estacion-bicicleta/76";"http://www.zaragoza.es/ciudad/viapublica/movilidad/bici/detalle_Bizi?oid=76";"Avda. San Juan de la Peña - C/ Juslibol";"OPN";"2";"19";"-0.871305587377543,41.67012866035069";2018-12-05T18:42:00Z;"<ul><li>Estado: Operativa</li><li>Bicis disponibles: 2</li><li>Anclajes disponibles: 19</li></ul><p>Actualizado: 18:42</p>";"//www.zaragoza.es/contenidos/iconos/bizi/conbicis.png"
"https://www.zaragoza.es/sede/servicio/urbanismo-infraestructuras/estacion-bicicleta/72";"http://www.zaragoza.es/ciudad/viapublica/movilidad/bici/detalle_Bizi?oid=72";"Avda. Mª Zambrano - C/ Pablo Iglesias";"OPN";"7";"14";"-0.8890986495300017,41.67735390592772";2018-12-05T18:42:00Z;"<ul><li>Estado: Operativa</li><li>Bicis disponibles: 7</li><li>Anclajes disponibles: 14</li></ul><p>Actualizado: 18:42</p>";"//www.zaragoza.es/contenidos/iconos/bizi/conbicis.png"
"https://www.zaragoza.es/sede/servicio/urbanismo-infraestructuras/estacion-bicicleta/73";"http://www.zaragoza.es/ciudad/viapublica/movilidad/bici/detalle_Bizi?oid=73";"C/ Margarita Xirgu - Avda. G. Gómez de Avellaneda";"OPN";"7";"14";"-0.8909656569108618,41.67806593134252";2018-12-05T18:42:00Z;"<ul><li>Estado: Operativa</li><li>Bicis disponibles: 7</li><li>Anclajes disponibles: 14</li></ul><p>Actualizado: 18:42</p>";"//www.zaragoza.es/contenidos/iconos/bizi/conbicis.png"
"https://www.zaragoza.es/sede/servicio/urbanismo-infraestructuras/estacion-bicicleta/69";"http://www.zaragoza.es/ciudad/viapublica/movilidad/bici/detalle_Bizi?oid=69";"Avda. Pablo Ruiz Picasso - C/ Mújica Lainez ";"OPN";"13";"8";"-0.8933807639916627,41.672838919491504";2018-12-05T18:42:00Z;"<ul><li>Estado: Operativa</li><li>Bicis disponibles: 13</li><li>Anclajes disponibles: 8</li></ul><p>Actualizado: 18:42</p>";"//www.zaragoza.es/contenidos/iconos/bizi/conbicis.png"
"https://www.zaragoza.es/sede/servicio/urbanismo-infraestructuras/estacion-bicicleta/70";"http://www.zaragoza.es/ciudad/viapublica/movilidad/bici/detalle_Bizi?oid=70";"Avda. Mª Zambrano - C/ Ildefonso Manuel Gil";"OPN";"4";"16";"-0.8891527433426912,41.67148486378287";2018-12-05T18:42:00Z;"<ul><li>Estado: Operativa</li><li>Bicis disponibles: 4</li><li>Anclajes disponibles: 16</li></ul><p>Actualizado: 18:42</p>";"//www.zaragoza.es/contenidos/iconos/bizi/conbicis.png"
"https://www.zaragoza.es/sede/servicio/urbanismo-infraestructuras/estacion-bicicleta/71";"http://www.zaragoza.es/ciudad/viapublica/movilidad/bici/detalle_Bizi?oid=71";"C/ Luis Legaz Lacambra - C/ Octavio Paz";"OPN";"9";"12";"-0.8935547163515988,41.675952944034336";2018-12-05T18:42:00Z;"<ul><li>Estado: Operativa</li><li>Bicis disponibles: 9</li><li>Anclajes disponibles: 12</li></ul><p>Actualizado: 18:42</p>";"//www.zaragoza.es/contenidos/iconos/bizi/conbicis.png"
"https://www.zaragoza.es/sede/servicio/urbanismo-infraestructuras/estacion-bicicleta/66";"http://www.zaragoza.es/ciudad/viapublica/movilidad/bici/detalle_Bizi?oid=66";"C/ Pablo Neruda - C/ Averroes";"OPN";"5";"16";"-0.886100731866414,41.67029582201915";2018-12-05T18:42:00Z;"<ul><li>Estado: Operativa</li><li>Bicis disponibles: 5</li><li>Anclajes disponibles: 16</li></ul><p>Actualizado: 18:42</p>";"//www.zaragoza.es/contenidos/iconos/bizi/conbicis.png"
"https://www.zaragoza.es/sede/servicio/urbanismo-infraestructuras/estacion-bicicleta/67";"http://www.zaragoza.es/ciudad/viapublica/movilidad/bici/detalle_Bizi?oid=67";"Avda. G. Gómez de Avellaneda - C/ Clara Campoamor";"OPN";"1";"20";"-0.8901247991248967,41.66858185317812";2018-12-05T18:42:00Z;"<ul><li>Estado: Operativa</li><li>Bicis disponibles: 1</li><li>Anclajes disponibles: 20</li></ul><p>Actualizado: 18:42</p>";"//www.zaragoza.es/contenidos/iconos/bizi/conbicis.png"
"https://www.zaragoza.es/sede/servicio/urbanismo-infraestructuras/estacion-bicicleta/68";"http://www.zaragoza.es/ciudad/viapublica/movilidad/bici/detalle_Bizi?oid=68";"Avda. Mª Zambrano - C/ Julio García Condoy";"OPN";"9";"10";"-0.8890826853234808,41.6750918892897";2018-12-05T18:42:00Z;"<ul><li>Estado: Operativa</li><li>Bicis disponibles: 9</li><li>Anclajes disponibles: 10</li></ul><p>Actualizado: 18:42</p>";"//www.zaragoza.es/contenidos/iconos/bizi/conbicis.png"
"https://www.zaragoza.es/sede/servicio/urbanismo-infraestructuras/estacion-bicicleta/63";"http://www.zaragoza.es/ciudad/viapublica/movilidad/bici/detalle_Bizi?oid=63";"Avda. Valle de Broto - Parque Tío Jorge";"OPN";"7";"13";"-0.8763946987996004,41.666325687766296";2018-12-05T18:42:00Z;"<ul><li>Estado: Operativa</li><li>Bicis disponibles: 7</li><li>Anclajes disponibles: 13</li></ul><p>Actualizado: 18:42</p>";"//www.zaragoza.es/contenidos/iconos/bizi/conbicis.png"
"https://www.zaragoza.es/sede/servicio/urbanismo-infraestructuras/estacion-bicicleta/64";"http://www.zaragoza.es/ciudad/viapublica/movilidad/bici/detalle_Bizi?oid=64";"Avda. Valle de Broto - Avda. Pirineos";"OPN";"12";"9";"-0.8811407512760876,41.66598573677602";2018-12-05T18:42:00Z;"<ul><li>Estado: Operativa</li><li>Bicis disponibles: 12</li><li>Anclajes disponibles: 9</li></ul><p>Actualizado: 18:42</p>";"//www.zaragoza.es/contenidos/iconos/bizi/conbicis.png"
"https://www.zaragoza.es/sede/servicio/urbanismo-infraestructuras/estacion-bicicleta/65";"http://www.zaragoza.es/ciudad/viapublica/movilidad/bici/detalle_Bizi?oid=65";"Avda. G. Gómez de Avellaneda - Intercambiador";"OPN";"11";"10";"-0.8868698013744774,41.66640680200942";2018-12-05T18:42:00Z;"<ul><li>Estado: Operativa</li><li>Bicis disponibles: 11</li><li>Anclajes disponibles: 10</li></ul><p>Actualizado: 18:42</p>";"//www.zaragoza.es/contenidos/iconos/bizi/conbicis.png"
"https://www.zaragoza.es/sede/servicio/urbanismo-infraestructuras/estacion-bicicleta/60";"http://www.zaragoza.es/ciudad/viapublica/movilidad/bici/detalle_Bizi?oid=60";"C/ Sangüesa Castañosa - C/ F. Oliván Bayle";"OPN";"12";"9";"-0.871250697210714,41.66296460739284";2018-12-05T18:42:00Z;"<ul><li>Estado: Operativa</li><li>Bicis disponibles: 12</li><li>Anclajes disponibles: 9</li></ul><p>Actualizado: 18:42</p>";"//www.zaragoza.es/contenidos/iconos/bizi/conbicis.png"
"https://www.zaragoza.es/sede/servicio/urbanismo-infraestructuras/estacion-bicicleta/61";"http://www.zaragoza.es/ciudad/viapublica/movilidad/bici/detalle_Bizi?oid=61";"C/ Sixto Celorrio - C/ Peña Oroel";"OPN";"12";"9";"-0.8755307277042103,41.66380065993328";2018-12-05T18:42:00Z;"<ul><li>Estado: Operativa</li><li>Bicis disponibles: 12</li><li>Anclajes disponibles: 9</li></ul><p>Actualizado: 18:42</p>";"//www.zaragoza.es/contenidos/iconos/bizi/conbicis.png"
"https://www.zaragoza.es/sede/servicio/urbanismo-infraestructuras/estacion-bicicleta/62";"http://www.zaragoza.es/ciudad/viapublica/movilidad/bici/detalle_Bizi?oid=62";"Avda. Marqués de la Cadena - Avda. San Juan de la ";"OPN";"11";"10";"-0.8717256462825183,41.66671463995713";2018-12-05T18:42:00Z;"<ul><li>Estado: Operativa</li><li>Bicis disponibles: 11</li><li>Anclajes disponibles: 10</li></ul><p>Actualizado: 18:42</p>";"//www.zaragoza.es/contenidos/iconos/bizi/conbicis.png"
"https://www.zaragoza.es/sede/servicio/urbanismo-infraestructuras/estacion-bicicleta/57";"http://www.zaragoza.es/ciudad/viapublica/movilidad/bici/detalle_Bizi?oid=57";"Pº de la Ribera - C/ Sobrarbe";"OPN";"13";"8";"-0.8742617864824214,41.65881160967062";2018-12-05T18:42:00Z;"<ul><li>Estado: Operativa</li><li>Bicis disponibles: 13</li><li>Anclajes disponibles: 8</li></ul><p>Actualizado: 18:42</p>";"//www.zaragoza.es/contenidos/iconos/bizi/conbicis.png"
"https://www.zaragoza.es/sede/servicio/urbanismo-infraestructuras/estacion-bicicleta/58";"http://www.zaragoza.es/ciudad/viapublica/movilidad/bici/detalle_Bizi?oid=58";"Avda. Valle de Zuriza - Avda. Cataluña";"OPN";"4";"16";"-0.8697007191596411,41.66035057147025";2018-12-05T18:42:00Z;"<ul><li>Estado: Operativa</li><li>Bicis disponibles: 4</li><li>Anclajes disponibles: 16</li></ul><p>Actualizado: 18:42</p>";"//www.zaragoza.es/contenidos/iconos/bizi/conbicis.png"
"https://www.zaragoza.es/sede/servicio/urbanismo-infraestructuras/estacion-bicicleta/59";"http://www.zaragoza.es/ciudad/viapublica/movilidad/bici/detalle_Bizi?oid=59";"Plaza Mozart";"OPN";"6";"15";"-0.8655896594803854,41.66167253655205";2018-12-05T18:42:00Z;"<ul><li>Estado: Operativa</li><li>Bicis disponibles: 6</li><li>Anclajes disponibles: 15</li></ul><p>Actualizado: 18:42</p>";"//www.zaragoza.es/contenidos/iconos/bizi/conbicis.png"
"https://www.zaragoza.es/sede/servicio/urbanismo-infraestructuras/estacion-bicicleta/54";"http://www.zaragoza.es/ciudad/viapublica/movilidad/bici/detalle_Bizi?oid=54";"Avda. Madrid - Pº Calanda";"OPN";"8";"13";"-0.9046201645017938,41.65356190034288";2018-12-05T18:42:00Z;"<ul><li>Estado: Operativa</li><li>Bicis disponibles: 8</li><li>Anclajes disponibles: 13</li></ul><p>Actualizado: 18:42</p>";"//www.zaragoza.es/contenidos/iconos/bizi/conbicis.png"
"https://www.zaragoza.es/sede/servicio/urbanismo-infraestructuras/estacion-bicicleta/55";"http://www.zaragoza.es/ciudad/viapublica/movilidad/bici/detalle_Bizi?oid=55";"Avda. Marqués de la Cadena - C/ Miguel Asso";"OPN";"4";"17";"-0.8618336626405754,41.65883147506715";2018-12-05T18:42:00Z;"<ul><li>Estado: Operativa</li><li>Bicis disponibles: 4</li><li>Anclajes disponibles: 17</li></ul><p>Actualizado: 18:42</p>";"//www.zaragoza.es/contenidos/iconos/bizi/conbicis.png"
"https://www.zaragoza.es/sede/servicio/urbanismo-infraestructuras/estacion-bicicleta/56";"http://www.zaragoza.es/ciudad/viapublica/movilidad/bici/detalle_Bizi?oid=56";"C/ Balbino Orensanz - C/ Carmelo Betoré Bergua";"OPN";"2";"19";"-0.8590116821384133,41.65548642003575";2018-12-05T18:42:00Z;"<ul><li>Estado: Operativa</li><li>Bicis disponibles: 2</li><li>Anclajes disponibles: 19</li></ul><p>Actualizado: 18:42</p>";"//www.zaragoza.es/contenidos/iconos/bizi/conbicis.png"
"https://www.zaragoza.es/sede/servicio/urbanismo-infraestructuras/estacion-bicicleta/51";"http://www.zaragoza.es/ciudad/viapublica/movilidad/bici/detalle_Bizi?oid=51";"Plaza Roma";"OPN";"12";"9";"-0.8986951598318816,41.6497868083588";2018-12-05T18:42:00Z;"<ul><li>Estado: Operativa</li><li>Bicis disponibles: 12</li><li>Anclajes disponibles: 9</li></ul><p>Actualizado: 18:42</p>";"//www.zaragoza.es/contenidos/iconos/bizi/conbicis.png"
"https://www.zaragoza.es/sede/servicio/urbanismo-infraestructuras/estacion-bicicleta/52";"http://www.zaragoza.es/ciudad/viapublica/movilidad/bici/detalle_Bizi?oid=52";"Avda. Duquesa Villahermosa - C/ Franco y López";"OPN";"6";"15";"-0.9022812207938777,41.64805083445971";2018-12-05T18:42:00Z;"<ul><li>Estado: Operativa</li><li>Bicis disponibles: 6</li><li>Anclajes disponibles: 15</li></ul><p>Actualizado: 18:42</p>";"//www.zaragoza.es/contenidos/iconos/bizi/conbicis.png"
"https://www.zaragoza.es/sede/servicio/urbanismo-infraestructuras/estacion-bicicleta/53";"http://www.zaragoza.es/ciudad/viapublica/movilidad/bici/detalle_Bizi?oid=53";"Avda. Madrid - Avda. Navarra ";"OPN";"11";"9";"-0.9009421106743575,41.6547458691625";2018-12-05T18:42:00Z;"<ul><li>Estado: Operativa</li><li>Bicis disponibles: 11</li><li>Anclajes disponibles: 9</li></ul><p>Actualizado: 18:42</p>";"//www.zaragoza.es/contenidos/iconos/bizi/conbicis.png"
"https://www.zaragoza.es/sede/servicio/urbanismo-infraestructuras/estacion-bicicleta/49";"http://www.zaragoza.es/ciudad/viapublica/movilidad/bici/detalle_Bizi?oid=49";"Avda. Goya - Avda. Anselmo Clavé";"OPN";"7";"14";"-0.893773135801213,41.64803674215505";2018-12-05T18:42:00Z;"<ul><li>Estado: Operativa</li><li>Bicis disponibles: 7</li><li>Anclajes disponibles: 14</li></ul><p>Actualizado: 18:42</p>";"//www.zaragoza.es/contenidos/iconos/bizi/conbicis.png"
"https://www.zaragoza.es/sede/servicio/urbanismo-infraestructuras/estacion-bicicleta/50";"http://www.zaragoza.es/ciudad/viapublica/movilidad/bici/detalle_Bizi?oid=50";"Avda. San Juan Bosco - C/ Menéndez Pelayo";"OPN";"6";"14";"-0.9004172518922118,41.644603788902636";2018-12-05T18:42:00Z;"<ul><li>Estado: Operativa</li><li>Bicis disponibles: 6</li><li>Anclajes disponibles: 14</li></ul><p>Actualizado: 18:42</p>";"//www.zaragoza.es/contenidos/iconos/bizi/conbicis.png"
"https://www.zaragoza.es/sede/servicio/urbanismo-infraestructuras/estacion-bicicleta/46";"http://www.zaragoza.es/ciudad/viapublica/movilidad/bici/detalle_Bizi?oid=46";"Avda. Goya - C/ Baltasar Gracián ";"OPN";"16";"5";"-0.8927171764421711,41.644478704564825";2018-12-05T18:42:00Z;"<ul><li>Estado: Operativa</li><li>Bicis disponibles: 16</li><li>Anclajes disponibles: 5</li></ul><p>Actualizado: 18:42</p>";"//www.zaragoza.es/contenidos/iconos/bizi/conbicis.png"
"https://www.zaragoza.es/sede/servicio/urbanismo-infraestructuras/estacion-bicicleta/47";"http://www.zaragoza.es/ciudad/viapublica/movilidad/bici/detalle_Bizi?oid=47";"Plaza San Francisco - Universidad";"OPN";"12";"9";"-0.8949312426263255,41.64142570609617";2018-12-05T18:42:00Z;"<ul><li>Estado: Operativa</li><li>Bicis disponibles: 12</li><li>Anclajes disponibles: 9</li></ul><p>Actualizado: 18:42</p>";"//www.zaragoza.es/contenidos/iconos/bizi/conbicis.png"
"https://www.zaragoza.es/sede/servicio/urbanismo-infraestructuras/estacion-bicicleta/48";"http://www.zaragoza.es/ciudad/viapublica/movilidad/bici/detalle_Bizi?oid=48";"Plaza Mariano Arregui";"OPN";"5";"15";"-0.8904791058153891,41.64782870493307";2018-12-05T18:42:00Z;"<ul><li>Estado: Operativa</li><li>Bicis disponibles: 5</li><li>Anclajes disponibles: 15</li></ul><p>Actualizado: 18:42</p>";"//www.zaragoza.es/contenidos/iconos/bizi/conbicis.png"
"https://www.zaragoza.es/sede/servicio/urbanismo-infraestructuras/estacion-bicicleta/43";"http://www.zaragoza.es/ciudad/viapublica/movilidad/bici/detalle_Bizi?oid=43";"Avda. Goya - C/ Arzobispo Domenech";"OPN";"7";"14";"-0.8880091512386086,41.64294564230195";2018-12-05T18:42:00Z;"<ul><li>Estado: Operativa</li><li>Bicis disponibles: 7</li><li>Anclajes disponibles: 14</li></ul><p>Actualizado: 18:42</p>";"//www.zaragoza.es/contenidos/iconos/bizi/conbicis.png"
"https://www.zaragoza.es/sede/servicio/urbanismo-infraestructuras/estacion-bicicleta/44";"http://www.zaragoza.es/ciudad/viapublica/movilidad/bici/detalle_Bizi?oid=44";"Pº Sagasta - Cno. de las Torres";"OPN";"4";"17";"-0.8865371786214757,41.640008604777556";2018-12-05T18:42:00Z;"<ul><li>Estado: Operativa</li><li>Bicis disponibles: 4</li><li>Anclajes disponibles: 17</li></ul><p>Actualizado: 18:42</p>";"//www.zaragoza.es/contenidos/iconos/bizi/conbicis.png"
"https://www.zaragoza.es/sede/servicio/urbanismo-infraestructuras/estacion-bicicleta/45";"http://www.zaragoza.es/ciudad/viapublica/movilidad/bici/detalle_Bizi?oid=45";"C/ Gran Vía - Facultad Económicas";"OPN";"15";"6";"-0.887729097793714,41.64647066516345";2018-12-05T18:42:00Z;"<ul><li>Estado: Operativa</li><li>Bicis disponibles: 15</li><li>Anclajes disponibles: 6</li></ul><p>Actualizado: 18:42</p>";"//www.zaragoza.es/contenidos/iconos/bizi/conbicis.png"
"https://www.zaragoza.es/sede/servicio/urbanismo-infraestructuras/estacion-bicicleta/40";"http://www.zaragoza.es/ciudad/viapublica/movilidad/bici/detalle_Bizi?oid=40";"Avda. Cesáreo Alierta - C/ Félix Burriel";"OPN";"15";"6";"-0.8752840323022825,41.642331499988614";2018-12-05T18:42:00Z;"<ul><li>Estado: Operativa</li><li>Bicis disponibles: 15</li><li>Anclajes disponibles: 6</li></ul><p>Actualizado: 18:42</p>";"//www.zaragoza.es/contenidos/iconos/bizi/conbicis.png"
"https://www.zaragoza.es/sede/servicio/urbanismo-infraestructuras/estacion-bicicleta/41";"http://www.zaragoza.es/ciudad/viapublica/movilidad/bici/detalle_Bizi?oid=41";"Plaza Schweitzer";"OPN";"12";"9";"-0.8823981031301834,41.64237257732546";2018-12-05T18:42:00Z;"<ul><li>Estado: Operativa</li><li>Bicis disponibles: 12</li><li>Anclajes disponibles: 9</li></ul><p>Actualizado: 18:42</p>";"//www.zaragoza.es/contenidos/iconos/bizi/conbicis.png"
"https://www.zaragoza.es/sede/servicio/urbanismo-infraestructuras/estacion-bicicleta/42";"http://www.zaragoza.es/ciudad/viapublica/movilidad/bici/detalle_Bizi?oid=42";"Avda. Tenor Fleta - C/ Uncastillo";"OPN";"3";"18";"-0.8811201274980333,41.63977554441432";2018-12-05T18:42:00Z;"<ul><li>Estado: Operativa</li><li>Bicis disponibles: 3</li><li>Anclajes disponibles: 18</li></ul><p>Actualizado: 18:42</p>";"//www.zaragoza.es/contenidos/iconos/bizi/conbicis.png"
"https://www.zaragoza.es/sede/servicio/urbanismo-infraestructuras/estacion-bicicleta/36";"http://www.zaragoza.es/ciudad/viapublica/movilidad/bici/detalle_Bizi?oid=36";"Cno. de las Torres - C/ Silvestre Pérez";"OPN";"6";"15";"-0.8669148613306864,41.6484364540964";2018-12-05T18:42:00Z;"<ul><li>Estado: Operativa</li><li>Bicis disponibles: 6</li><li>Anclajes disponibles: 15</li></ul><p>Actualizado: 18:42</p>";"//www.zaragoza.es/contenidos/iconos/bizi/conbicis.png"
"https://www.zaragoza.es/sede/servicio/urbanismo-infraestructuras/estacion-bicicleta/37";"http://www.zaragoza.es/ciudad/viapublica/movilidad/bici/detalle_Bizi?oid=37";"C/ Florentino Ballesteros - C/ Matadero";"OPN";"13";"7";"-0.868672928018009,41.64499244790984";2018-12-05T18:42:00Z;"<ul><li>Estado: Operativa</li><li>Bicis disponibles: 13</li><li>Anclajes disponibles: 7</li></ul><p>Actualizado: 18:42</p>";"//www.zaragoza.es/contenidos/iconos/bizi/conbicis.png"
"https://www.zaragoza.es/sede/servicio/urbanismo-infraestructuras/estacion-bicicleta/38";"http://www.zaragoza.es/ciudad/viapublica/movilidad/bici/detalle_Bizi?oid=38";"Cno. de las Torres - C/ Roger de Tur";"OPN";"7";"14";"-0.872316935390849,41.64703350233482";2018-12-05T18:42:00Z;"<ul><li>Estado: Operativa</li><li>Bicis disponibles: 7</li><li>Anclajes disponibles: 14</li></ul><p>Actualizado: 18:42</p>";"//www.zaragoza.es/contenidos/iconos/bizi/conbicis.png"
"https://www.zaragoza.es/sede/servicio/urbanismo-infraestructuras/estacion-bicicleta/39";"http://www.zaragoza.es/ciudad/viapublica/movilidad/bici/detalle_Bizi?oid=39";"Cno. de las Torres - Avda. Cesáreo Alierta";"OPN";"11";"10";"-0.8776370138030152,41.64527554706918";2018-12-05T18:42:00Z;"<ul><li>Estado: Operativa</li><li>Bicis disponibles: 11</li><li>Anclajes disponibles: 10</li></ul><p>Actualizado: 18:42</p>";"//www.zaragoza.es/contenidos/iconos/bizi/conbicis.png"
"https://www.zaragoza.es/sede/servicio/urbanismo-infraestructuras/estacion-bicicleta/33";"http://www.zaragoza.es/ciudad/viapublica/movilidad/bici/detalle_Bizi?oid=33";"Plaza del Pilar - Edificio Turismo ";"OPN";"3";"17";"-0.8781038715077987,41.65554262739186";2018-12-05T18:42:00Z;"<ul><li>Estado: Operativa</li><li>Bicis disponibles: 3</li><li>Anclajes disponibles: 17</li></ul><p>Actualizado: 18:42</p>";"//www.zaragoza.es/contenidos/iconos/bizi/conbicis.png"
"https://www.zaragoza.es/sede/servicio/urbanismo-infraestructuras/estacion-bicicleta/34";"http://www.zaragoza.es/ciudad/viapublica/movilidad/bici/detalle_Bizi?oid=34";"Plaza Magdalena";"OPN";"17";"2";"-0.8733258730100609,41.65210655043524";2018-12-05T18:42:00Z;"<ul><li>Estado: Operativa</li><li>Bicis disponibles: 17</li><li>Anclajes disponibles: 2</li></ul><p>Actualizado: 18:42</p>";"//www.zaragoza.es/contenidos/iconos/bizi/conbicis.png"
"https://www.zaragoza.es/sede/servicio/urbanismo-infraestructuras/estacion-bicicleta/35";"http://www.zaragoza.es/ciudad/viapublica/movilidad/bici/detalle_Bizi?oid=35";"Pº Echegaray y Caballero - C/ Salvador Minguijón";"OPN";"14";"7";"-0.8606397579152677,41.65129740705336";2018-12-05T18:42:00Z;"<ul><li>Estado: Operativa</li><li>Bicis disponibles: 14</li><li>Anclajes disponibles: 7</li></ul><p>Actualizado: 18:42</p>";"//www.zaragoza.es/contenidos/iconos/bizi/conbicis.png"
"https://www.zaragoza.es/sede/servicio/urbanismo-infraestructuras/estacion-bicicleta/29";"http://www.zaragoza.es/ciudad/viapublica/movilidad/bici/detalle_Bizi?oid=29";"Avda. Madrid - Aljafería";"OPN";"3";"18";"-0.8966620546346464,41.65567082954474";2018-12-05T18:42:00Z;"<ul><li>Estado: Operativa</li><li>Bicis disponibles: 3</li><li>Anclajes disponibles: 18</li></ul><p>Actualizado: 18:42</p>";"//www.zaragoza.es/contenidos/iconos/bizi/conbicis.png"
"https://www.zaragoza.es/sede/servicio/urbanismo-infraestructuras/estacion-bicicleta/30";"http://www.zaragoza.es/ciudad/viapublica/movilidad/bici/detalle_Bizi?oid=30";"Avda. Pablo Gargallo - Avda. Puerta Sancho";"OPN";"17";"4";"-0.9014560223853808,41.661208922202334";2018-12-05T18:42:00Z;"<ul><li>Estado: Operativa</li><li>Bicis disponibles: 17</li><li>Anclajes disponibles: 4</li></ul><p>Actualizado: 18:42</p>";"//www.zaragoza.es/contenidos/iconos/bizi/conbicis.png"
"https://www.zaragoza.es/sede/servicio/urbanismo-infraestructuras/estacion-bicicleta/31";"http://www.zaragoza.es/ciudad/viapublica/movilidad/bici/detalle_Bizi?oid=31";"Avda. Pablo Gargallo - C/ Ignacio Menaya";"OPN";"18";"3";"-0.8958199852776139,41.65989785143721";2018-12-05T18:42:00Z;"<ul><li>Estado: Operativa</li><li>Bicis disponibles: 18</li><li>Anclajes disponibles: 3</li></ul><p>Actualizado: 18:42</p>";"//www.zaragoza.es/contenidos/iconos/bizi/conbicis.png"
"https://www.zaragoza.es/sede/servicio/urbanismo-infraestructuras/estacion-bicicleta/32";"http://www.zaragoza.es/ciudad/viapublica/movilidad/bici/detalle_Bizi?oid=32";"C/ Ramón y Cajal - C/ Madre Rafols";"OPN";"12";"8";"-0.8865510103199843,41.651739691075534";2018-12-05T18:42:00Z;"<ul><li>Estado: Operativa</li><li>Bicis disponibles: 12</li><li>Anclajes disponibles: 8</li></ul><p>Actualizado: 18:42</p>";"//www.zaragoza.es/contenidos/iconos/bizi/conbicis.png"
"https://www.zaragoza.es/sede/servicio/urbanismo-infraestructuras/estacion-bicicleta/24";"http://www.zaragoza.es/ciudad/viapublica/movilidad/bici/detalle_Bizi?oid=24";"Plaza San Pedro Nolasco";"OPN";"12";"9";"-0.8771479044501225,41.65257559529209";2018-12-05T18:42:00Z;"<ul><li>Estado: Operativa</li><li>Bicis disponibles: 12</li><li>Anclajes disponibles: 9</li></ul><p>Actualizado: 18:42</p>";"//www.zaragoza.es/contenidos/iconos/bizi/conbicis.png"
"https://www.zaragoza.es/sede/servicio/urbanismo-infraestructuras/estacion-bicicleta/25";"http://www.zaragoza.es/ciudad/viapublica/movilidad/bici/detalle_Bizi?oid=25";"Plaza de los Sitios ";"OPN";"5";"16";"-0.880011993162099,41.6483785955587";2018-12-05T18:42:00Z;"<ul><li>Estado: Operativa</li><li>Bicis disponibles: 5</li><li>Anclajes disponibles: 16</li></ul><p>Actualizado: 18:42</p>";"//www.zaragoza.es/contenidos/iconos/bizi/conbicis.png"
"https://www.zaragoza.es/sede/servicio/urbanismo-infraestructuras/estacion-bicicleta/26";"http://www.zaragoza.es/ciudad/viapublica/movilidad/bici/detalle_Bizi?oid=26";"Pº Pamplona - Puerta del Carmen";"OPN";"11";"10";"-0.8871700507815923,41.64935368027387";2018-12-05T18:42:00Z;"<ul><li>Estado: Operativa</li><li>Bicis disponibles: 11</li><li>Anclajes disponibles: 10</li></ul><p>Actualizado: 18:42</p>";"//www.zaragoza.es/contenidos/iconos/bizi/conbicis.png"
"https://www.zaragoza.es/sede/servicio/urbanismo-infraestructuras/estacion-bicicleta/27";"http://www.zaragoza.es/ciudad/viapublica/movilidad/bici/detalle_Bizi?oid=27";"Pº Mª Agustín - Colegio Joaquín Costa";"OPN";"13";"8";"-0.8915010576948094,41.65188374578627";2018-12-05T18:42:00Z;"<ul><li>Estado: Operativa</li><li>Bicis disponibles: 13</li><li>Anclajes disponibles: 8</li></ul><p>Actualizado: 18:42</p>";"//www.zaragoza.es/contenidos/iconos/bizi/conbicis.png"
"https://www.zaragoza.es/sede/servicio/urbanismo-infraestructuras/estacion-bicicleta/28";"http://www.zaragoza.es/ciudad/viapublica/movilidad/bici/detalle_Bizi?oid=28";"Plaza del Portillo - Plaza de Toros";"OPN";"8";"13";"-0.892134017745123,41.65509777624002";2018-12-05T18:42:00Z;"<ul><li>Estado: Operativa</li><li>Bicis disponibles: 8</li><li>Anclajes disponibles: 13</li></ul><p>Actualizado: 18:42</p>";"//www.zaragoza.es/contenidos/iconos/bizi/conbicis.png"
"https://www.zaragoza.es/sede/servicio/urbanismo-infraestructuras/estacion-bicicleta/19";"http://www.zaragoza.es/ciudad/viapublica/movilidad/bici/detalle_Bizi?oid=19";"C/ Asalto - C/ Miguel Servet ";"OPN";"15";"5";"-0.8756649416942567,41.648936552552634";2018-12-05T18:42:00Z;"<ul><li>Estado: Operativa</li><li>Bicis disponibles: 15</li><li>Anclajes disponibles: 5</li></ul><p>Actualizado: 18:42</p>";"//www.zaragoza.es/contenidos/iconos/bizi/conbicis.png"
"https://www.zaragoza.es/sede/servicio/urbanismo-infraestructuras/estacion-bicicleta/20";"http://www.zaragoza.es/ciudad/viapublica/movilidad/bici/detalle_Bizi?oid=20";"Plaza Salamero, 14";"OPN";"9";"11";"-0.8843039786629596,41.65238167143019";2018-12-05T18:42:00Z;"<ul><li>Estado: Operativa</li><li>Bicis disponibles: 9</li><li>Anclajes disponibles: 11</li></ul><p>Actualizado: 18:42</p>";"//www.zaragoza.es/contenidos/iconos/bizi/conbicis.png"
"https://www.zaragoza.es/sede/servicio/urbanismo-infraestructuras/estacion-bicicleta/21";"http://www.zaragoza.es/ciudad/viapublica/movilidad/bici/detalle_Bizi?oid=21";"Avda. César Augusto - Avda. Conde Aranda";"OPN";"5";"16";"-0.8842989499787175,41.65437668600588";2018-12-05T18:42:00Z;"<ul><li>Estado: Operativa</li><li>Bicis disponibles: 5</li><li>Anclajes disponibles: 16</li></ul><p>Actualizado: 18:42</p>";"//www.zaragoza.es/contenidos/iconos/bizi/conbicis.png"
"https://www.zaragoza.es/sede/servicio/urbanismo-infraestructuras/estacion-bicicleta/22";"http://www.zaragoza.es/ciudad/viapublica/movilidad/bici/detalle_Bizi?oid=22";"Estación Intermodal Delicias (Llegadas)";"OPN";"14";"14";"-0.9143401797437696,41.6593570346949";2018-12-05T18:42:00Z;"<ul><li>Estado: Operativa</li><li>Bicis disponibles: 14</li><li>Anclajes disponibles: 14</li></ul><p>Actualizado: 18:42</p>";"//www.zaragoza.es/contenidos/iconos/bizi/conbicis.png"
"https://www.zaragoza.es/sede/servicio/urbanismo-infraestructuras/estacion-bicicleta/23";"http://www.zaragoza.es/ciudad/viapublica/movilidad/bici/detalle_Bizi?oid=23";"Pº de La Ribera - Pasarela Azud";"OPN";"6";"15";"-0.8581057111893086,41.65280639063108";2018-12-05T18:42:00Z;"<ul><li>Estado: Operativa</li><li>Bicis disponibles: 6</li><li>Anclajes disponibles: 15</li></ul><p>Actualizado: 18:42</p>";"//www.zaragoza.es/contenidos/iconos/bizi/conbicis.png"
"https://www.zaragoza.es/sede/servicio/urbanismo-infraestructuras/estacion-bicicleta/15";"http://www.zaragoza.es/ciudad/viapublica/movilidad/bici/detalle_Bizi?oid=15";"Estación de Cercanías El Portillo ";"OPN";"11";"10";"-0.8957511086153872,41.65129678754408";2018-12-05T18:42:00Z;"<ul><li>Estado: Operativa</li><li>Bicis disponibles: 11</li><li>Anclajes disponibles: 10</li></ul><p>Actualizado: 18:42</p>";"//www.zaragoza.es/contenidos/iconos/bizi/conbicis.png"
"https://www.zaragoza.es/sede/servicio/urbanismo-infraestructuras/estacion-bicicleta/16";"http://www.zaragoza.es/ciudad/viapublica/movilidad/bici/detalle_Bizi?oid=16";"Plaza España";"OPN";"25";"1";"-0.8806949498417713,41.65187862862574";2018-12-05T18:42:00Z;"<ul><li>Estado: Operativa</li><li>Bicis disponibles: 25</li><li>Anclajes disponibles: 1</li></ul><p>Actualizado: 18:42</p>";"//www.zaragoza.es/contenidos/iconos/bizi/conbicis.png"
"https://www.zaragoza.es/sede/servicio/urbanismo-infraestructuras/estacion-bicicleta/17";"http://www.zaragoza.es/ciudad/viapublica/movilidad/bici/detalle_Bizi?oid=17";"Pº Constitución - Plaza Aragón ";"OPN";"20";"10";"-0.8842980454163206,41.6477256372047";2018-12-05T18:42:00Z;"<ul><li>Estado: Operativa</li><li>Bicis disponibles: 20</li><li>Anclajes disponibles: 10</li></ul><p>Actualizado: 18:42</p>";"//www.zaragoza.es/contenidos/iconos/bizi/conbicis.png"
"https://www.zaragoza.es/sede/servicio/urbanismo-infraestructuras/estacion-bicicleta/18";"http://www.zaragoza.es/ciudad/viapublica/movilidad/bici/detalle_Bizi?oid=18";"C/ Asalto - Edificio Trovador";"OPN";"3";"18";"-0.869886857165122,41.65081150368581";2018-12-05T18:42:00Z;"<ul><li>Estado: Operativa</li><li>Bicis disponibles: 3</li><li>Anclajes disponibles: 18</li></ul><p>Actualizado: 18:42</p>";"//www.zaragoza.es/contenidos/iconos/bizi/conbicis.png"
"https://www.zaragoza.es/sede/servicio/urbanismo-infraestructuras/estacion-bicicleta/10";"http://www.zaragoza.es/ciudad/viapublica/movilidad/bici/detalle_Bizi?oid=10";"Pº Echegaray y Caballero - Puente de Santiago";"OPN";"3";"16";"-0.8814338710337267,41.65788968068955";2018-12-05T18:42:00Z;"<ul><li>Estado: Operativa</li><li>Bicis disponibles: 3</li><li>Anclajes disponibles: 16</li></ul><p>Actualizado: 18:42</p>";"//www.zaragoza.es/contenidos/iconos/bizi/conbicis.png"
"https://www.zaragoza.es/sede/servicio/urbanismo-infraestructuras/estacion-bicicleta/11";"http://www.zaragoza.es/ciudad/viapublica/movilidad/bici/detalle_Bizi?oid=11";"Pº Echegaray y Caballero - Puente de La Almozara";"OPN";"9";"9";"-0.8917309531663399,41.65930380272592";2018-12-05T18:42:00Z;"<ul><li>Estado: Operativa</li><li>Bicis disponibles: 9</li><li>Anclajes disponibles: 9</li></ul><p>Actualizado: 18:42</p>";"//www.zaragoza.es/contenidos/iconos/bizi/conbicis.png"
"https://www.zaragoza.es/sede/servicio/urbanismo-infraestructuras/estacion-bicicleta/12";"http://www.zaragoza.es/ciudad/viapublica/movilidad/bici/detalle_Bizi?oid=12";"Pasarela del Voluntariado - Avda. Almozara";"OPN";"11";"10";"-0.8962149371065272,41.66350888221013";2018-12-05T18:42:00Z;"<ul><li>Estado: Operativa</li><li>Bicis disponibles: 11</li><li>Anclajes disponibles: 10</li></ul><p>Actualizado: 18:42</p>";"//www.zaragoza.es/contenidos/iconos/bizi/conbicis.png"
"https://www.zaragoza.es/sede/servicio/urbanismo-infraestructuras/estacion-bicicleta/13";"http://www.zaragoza.es/ciudad/viapublica/movilidad/bici/detalle_Bizi?oid=13";"C/ Francia - Pabellón Puente";"OPN";"15";"9";"-0.9071370718140391,41.66170298685886";2018-12-05T18:42:00Z;"<ul><li>Estado: Operativa</li><li>Bicis disponibles: 15</li><li>Anclajes disponibles: 9</li></ul><p>Actualizado: 18:42</p>";"//www.zaragoza.es/contenidos/iconos/bizi/conbicis.png"
"https://www.zaragoza.es/sede/servicio/urbanismo-infraestructuras/estacion-bicicleta/14";"http://www.zaragoza.es/ciudad/viapublica/movilidad/bici/detalle_Bizi?oid=14";"Estación Intermodal Delicias (Salidas)";"OPN";"5";"25";"-0.9087671386296896,41.658245976164146";2018-12-05T18:42:00Z;"<ul><li>Estado: Operativa</li><li>Bicis disponibles: 5</li><li>Anclajes disponibles: 25</li></ul><p>Actualizado: 18:42</p>";"//www.zaragoza.es/contenidos/iconos/bizi/conbicis.png"
"https://www.zaragoza.es/sede/servicio/urbanismo-infraestructuras/estacion-bicicleta/5";"http://www.zaragoza.es/ciudad/viapublica/movilidad/bici/detalle_Bizi?oid=5";"Pº de la Ribera - Puente de Santiago";"OPN";"19";"2";"-0.8811478336122721,41.66030069524685";2018-12-05T18:42:00Z;"<ul><li>Estado: Operativa</li><li>Bicis disponibles: 19</li><li>Anclajes disponibles: 2</li></ul><p>Actualizado: 18:42</p>";"//www.zaragoza.es/contenidos/iconos/bizi/conbicis.png"
"https://www.zaragoza.es/sede/servicio/urbanismo-infraestructuras/estacion-bicicleta/6";"http://www.zaragoza.es/ciudad/viapublica/movilidad/bici/detalle_Bizi?oid=6";"Pº de la Ribera - Puente del Pilar";"OPN";"5";"16";"-0.8700167766235375,41.656545547065306";2018-12-05T18:42:00Z;"<ul><li>Estado: Operativa</li><li>Bicis disponibles: 5</li><li>Anclajes disponibles: 16</li></ul><p>Actualizado: 18:42</p>";"//www.zaragoza.es/contenidos/iconos/bizi/conbicis.png"
"https://www.zaragoza.es/sede/servicio/urbanismo-infraestructuras/estacion-bicicleta/7";"http://www.zaragoza.es/ciudad/viapublica/movilidad/bici/detalle_Bizi?oid=7";"Pº Echegaray y Caballero - Pasarela del Huerva";"OPN";"9";"12";"-0.8664037947057038,41.652753480159774";2018-12-05T18:42:00Z;"<ul><li>Estado: Operativa</li><li>Bicis disponibles: 9</li><li>Anclajes disponibles: 12</li></ul><p>Actualizado: 18:42</p>";"//www.zaragoza.es/contenidos/iconos/bizi/conbicis.png"
"https://www.zaragoza.es/sede/servicio/urbanismo-infraestructuras/estacion-bicicleta/8";"http://www.zaragoza.es/ciudad/viapublica/movilidad/bici/detalle_Bizi?oid=8";"Pº Echegaray y Caballero - Puente del Pilar";"OPN";"11";"10";"-0.8707618183516413,41.65414253755513";2018-12-05T18:42:00Z;"<ul><li>Estado: Operativa</li><li>Bicis disponibles: 11</li><li>Anclajes disponibles: 10</li></ul><p>Actualizado: 18:42</p>";"//www.zaragoza.es/contenidos/iconos/bizi/conbicis.png"
"https://www.zaragoza.es/sede/servicio/urbanismo-infraestructuras/estacion-bicicleta/9";"http://www.zaragoza.es/ciudad/viapublica/movilidad/bici/detalle_Bizi?oid=9";"Pº Echegaray y Caballero - Puente de Piedra";"OPN";"11";"19";"-0.8757558417182151,41.65598960521101";2018-12-05T18:42:00Z;"<ul><li>Estado: Operativa</li><li>Bicis disponibles: 11</li><li>Anclajes disponibles: 19</li></ul><p>Actualizado: 18:42</p>";"//www.zaragoza.es/contenidos/iconos/bizi/conbicis.png"
"https://www.zaragoza.es/sede/servicio/urbanismo-infraestructuras/estacion-bicicleta/130";"http://www.zaragoza.es/ciudad/viapublica/movilidad/bici/detalle_Bizi?oid=130";"C/ Corona de Aragón - C/ Lorente";"OPN";"5";"16";"-0.8979132352053497,41.64401875747108";2018-12-05T18:42:00Z;"<ul><li>Estado: Operativa</li><li>Bicis disponibles: 5</li><li>Anclajes disponibles: 16</li></ul><p>Actualizado: 18:42</p>";"//www.zaragoza.es/contenidos/iconos/bizi/conbicis.png"
"https://www.zaragoza.es/sede/servicio/urbanismo-infraestructuras/estacion-bicicleta/1";"http://www.zaragoza.es/ciudad/viapublica/movilidad/bici/detalle_Bizi?oid=1";"Avda. Pablo Ruiz Picasso - Torre del Agua";"OPN";"11";"13";"-0.9047149146440716,41.67045402508031";2018-12-05T18:42:00Z;"<ul><li>Estado: Operativa</li><li>Bicis disponibles: 11</li><li>Anclajes disponibles: 13</li></ul><p>Actualizado: 18:42</p>";"//www.zaragoza.es/contenidos/iconos/bizi/conbicis.png"
"https://www.zaragoza.es/sede/servicio/urbanismo-infraestructuras/estacion-bicicleta/2";"http://www.zaragoza.es/ciudad/viapublica/movilidad/bici/detalle_Bizi?oid=2";"Avda. Ranillas - Avda. Pablo Ruiz Picasso";"OPN";"13";"8";"-0.8980338181998002,41.672345966365484";2018-12-05T18:42:00Z;"<ul><li>Estado: Operativa</li><li>Bicis disponibles: 13</li><li>Anclajes disponibles: 8</li></ul><p>Actualizado: 18:42</p>";"//www.zaragoza.es/contenidos/iconos/bizi/conbicis.png"
"https://www.zaragoza.es/sede/servicio/urbanismo-infraestructuras/estacion-bicicleta/3";"http://www.zaragoza.es/ciudad/viapublica/movilidad/bici/detalle_Bizi?oid=3";"Pasarela del Voluntariado - Avda. Ranillas";"OPN";"11";"13";"-0.8935618582440019,41.66700687899538";2018-12-05T18:42:00Z;"<ul><li>Estado: Operativa</li><li>Bicis disponibles: 11</li><li>Anclajes disponibles: 13</li></ul><p>Actualizado: 18:42</p>";"//www.zaragoza.es/contenidos/iconos/bizi/conbicis.png"
"https://www.zaragoza.es/sede/servicio/urbanismo-infraestructuras/estacion-bicicleta/4";"http://www.zaragoza.es/ciudad/viapublica/movilidad/bici/detalle_Bizi?oid=4";"Avda. Ranillas - Puente de La Almozara";"OPN";"13";"8";"-0.8886948816971154,41.66217279082455";2018-12-05T18:42:00Z;"<ul><li>Estado: Operativa</li><li>Bicis disponibles: 13</li><li>Anclajes disponibles: 8</li></ul><p>Actualizado: 18:42</p>";"//www.zaragoza.es/contenidos/iconos/bizi/conbicis.png"
"https://www.zaragoza.es/sede/servicio/urbanismo-infraestructuras/estacion-bicicleta/125";"http://www.zaragoza.es/ciudad/viapublica/movilidad/bici/detalle_Bizi?oid=125";"Via Univérsitas - C/ Hermanos Gambra";"OPN";"12";"9";"-0.9092812760844169,41.64912091353588";2018-12-05T18:42:00Z;"<ul><li>Estado: Operativa</li><li>Bicis disponibles: 12</li><li>Anclajes disponibles: 9</li></ul><p>Actualizado: 18:42</p>";"//www.zaragoza.es/contenidos/iconos/bizi/conbicis.png"
"https://www.zaragoza.es/sede/servicio/urbanismo-infraestructuras/estacion-bicicleta/127";"http://www.zaragoza.es/ciudad/viapublica/movilidad/bici/detalle_Bizi?oid=127";"Avda. Navarra - C/ Rioja";"OPN";"10";"10";"-0.9086301769027029,41.655506954758415";2018-12-05T18:42:00Z;"<ul><li>Estado: Operativa</li><li>Bicis disponibles: 10</li><li>Anclajes disponibles: 10</li></ul><p>Actualizado: 18:42</p>";"//www.zaragoza.es/contenidos/iconos/bizi/conbicis.png"
"https://www.zaragoza.es/sede/servicio/urbanismo-infraestructuras/estacion-bicicleta/129";"http://www.zaragoza.es/ciudad/viapublica/movilidad/bici/detalle_Bizi?oid=129";"C/ Graus - C/ Unceta";"OPN";"7";"14";"-0.9023541561440037,41.65257486851766";2018-12-05T18:42:00Z;"<ul><li>Estado: Operativa</li><li>Bicis disponibles: 7</li><li>Anclajes disponibles: 14</li></ul><p>Actualizado: 18:42</p>";"//www.zaragoza.es/contenidos/iconos/bizi/conbicis.png"
"https://www.zaragoza.es/sede/servicio/urbanismo-infraestructuras/estacion-bicicleta/115";"http://www.zaragoza.es/ciudad/viapublica/movilidad/bici/detalle_Bizi?oid=115";"Vía Hispanidad - C/ Océano Atlántico";"OPN";"11";"10";"-0.9174523950449878,41.64671296885167";2018-12-05T18:42:00Z;"<ul><li>Estado: Operativa</li><li>Bicis disponibles: 11</li><li>Anclajes disponibles: 10</li></ul><p>Actualizado: 18:42</p>";"//www.zaragoza.es/contenidos/iconos/bizi/conbicis.png"
"https://www.zaragoza.es/sede/servicio/urbanismo-infraestructuras/estacion-bicicleta/118";"http://www.zaragoza.es/ciudad/viapublica/movilidad/bici/detalle_Bizi?oid=118";"Avda. Juan Pablo II - Avda. Gómez Laguna";"OPN";"4";"17";"-0.9105173998141021,41.641453867954056";2018-12-05T18:42:00Z;"<ul><li>Estado: Operativa</li><li>Bicis disponibles: 4</li><li>Anclajes disponibles: 17</li></ul><p>Actualizado: 18:42</p>";"//www.zaragoza.es/contenidos/iconos/bizi/conbicis.png"
"https://www.zaragoza.es/sede/servicio/urbanismo-infraestructuras/estacion-bicicleta/119";"http://www.zaragoza.es/ciudad/viapublica/movilidad/bici/detalle_Bizi?oid=119";"Avda. Juan Carlos I - C/ Ramón Sainz de Varanda";"OPN";"6";"15";"-0.9078914134678145,41.63864082381775";2018-12-05T18:42:00Z;"<ul><li>Estado: Operativa</li><li>Bicis disponibles: 6</li><li>Anclajes disponibles: 15</li></ul><p>Actualizado: 18:42</p>";"//www.zaragoza.es/contenidos/iconos/bizi/conbicis.png"
"https://www.zaragoza.es/sede/servicio/urbanismo-infraestructuras/estacion-bicicleta/120";"http://www.zaragoza.es/ciudad/viapublica/movilidad/bici/detalle_Bizi?oid=120";"C/ Asín y Palacios - C/ Pedro IV El Ceremonioso";"OPN";"8";"13";"-0.9068034577118427,41.6348067858854";2018-12-05T18:42:00Z;"<ul><li>Estado: Operativa</li><li>Bicis disponibles: 8</li><li>Anclajes disponibles: 13</li></ul><p>Actualizado: 18:42</p>";"//www.zaragoza.es/contenidos/iconos/bizi/conbicis.png"
"https://www.zaragoza.es/sede/servicio/urbanismo-infraestructuras/estacion-bicicleta/121";"http://www.zaragoza.es/ciudad/viapublica/movilidad/bici/detalle_Bizi?oid=121";"C/ Eduardo Ibarra - C/ Violante de Hungría";"OPN";"13";"8";"-0.9019123463941845,41.63909876457145";2018-12-05T18:42:00Z;"<ul><li>Estado: Operativa</li><li>Bicis disponibles: 13</li><li>Anclajes disponibles: 8</li></ul><p>Actualizado: 18:42</p>";"//www.zaragoza.es/contenidos/iconos/bizi/conbicis.png"
"https://www.zaragoza.es/sede/servicio/urbanismo-infraestructuras/estacion-bicicleta/102";"http://www.zaragoza.es/ciudad/viapublica/movilidad/bici/detalle_Bizi?oid=102";"C/ Pedro Joaquín Soler - Coso";"OPN";"9";"12";"-0.8778279304764041,41.65123159281204";2018-12-05T18:42:00Z;"<ul><li>Estado: Operativa</li><li>Bicis disponibles: 9</li><li>Anclajes disponibles: 12</li></ul><p>Actualizado: 18:42</p>";"//www.zaragoza.es/contenidos/iconos/bizi/conbicis.png"
"https://www.zaragoza.es/sede/servicio/urbanismo-infraestructuras/estacion-bicicleta/103";"http://www.zaragoza.es/ciudad/viapublica/movilidad/bici/detalle_Bizi?oid=103";"C/ Lacarra de Miguel - C/ San Vicente Martir";"OPN";"10";"11";"-0.8817090628114194,41.644703586977094";2018-12-05T18:42:00Z;"<ul><li>Estado: Operativa</li><li>Bicis disponibles: 10</li><li>Anclajes disponibles: 11</li></ul><p>Actualizado: 18:42</p>";"//www.zaragoza.es/contenidos/iconos/bizi/conbicis.png"
"https://www.zaragoza.es/sede/servicio/urbanismo-infraestructuras/estacion-bicicleta/104";"http://www.zaragoza.es/ciudad/viapublica/movilidad/bici/detalle_Bizi?oid=104";"C/ Madre Rafols - Esquina D.G.A.";"OPN";"8";"13";"-0.8895400150663142,41.65348573628704";2018-12-05T18:42:00Z;"<ul><li>Estado: Operativa</li><li>Bicis disponibles: 8</li><li>Anclajes disponibles: 13</li></ul><p>Actualizado: 18:42</p>";"//www.zaragoza.es/contenidos/iconos/bizi/conbicis.png"
"https://www.zaragoza.es/sede/servicio/urbanismo-infraestructuras/estacion-bicicleta/108";"http://www.zaragoza.es/ciudad/viapublica/movilidad/bici/detalle_Bizi?oid=108";"Plaza Emperador Carlos V";"OPN";"1";"20";"-0.8984653307918409,41.63777471749554";2018-12-05T18:42:00Z;"<ul><li>Estado: Operativa</li><li>Bicis disponibles: 1</li><li>Anclajes disponibles: 20</li></ul><p>Actualizado: 18:42</p>";"//www.zaragoza.es/contenidos/iconos/bizi/conbicis.png"
"https://www.zaragoza.es/sede/servicio/urbanismo-infraestructuras/estacion-bicicleta/113";"http://www.zaragoza.es/ciudad/viapublica/movilidad/bici/detalle_Bizi?oid=113";"Vía Hispanidad - Avda. Gómez Laguna";"OPN";"10";"10";"-0.9142454492699339,41.64069089549357";2018-12-05T18:42:00Z;"<ul><li>Estado: Operativa</li><li>Bicis disponibles: 10</li><li>Anclajes disponibles: 10</li></ul><p>Actualizado: 18:42</p>";"//www.zaragoza.es/contenidos/iconos/bizi/conbicis.png"
"https://www.zaragoza.es/sede/servicio/urbanismo-infraestructuras/estacion-bicicleta/101";"http://www.zaragoza.es/ciudad/viapublica/movilidad/bici/detalle_Bizi?oid=101";"C/ Doctor Iranzo -  C/ Escultor Benlliure";"OPN";"5";"16";"-0.8635188065232073,41.64990142803142";2018-12-05T18:42:00Z;"<ul><li>Estado: Operativa</li><li>Bicis disponibles: 5</li><li>Anclajes disponibles: 16</li></ul><p>Actualizado: 18:42</p>";"//www.zaragoza.es/contenidos/iconos/bizi/conbicis.png"
